tweet_id,created_at,text
1354803366388350982,2021-01-28 14:47:48,"RT @bafuCH: Heute hat die Schweiz ihre langfristige Klimastrategie beim UN-Klimasekretariat eingereicht. Die Strategie zeigt, dass die Schw‚Ä¶"
1354713196549046272,2021-01-28 08:49:30,Die #Klimastrategie zeigt: Das Netto-Null-Ziel ist machbar und bezahlbar ‚Äì und eine grosse Chance.  f√ºr die Schweiz‚Ä¶ https://t.co/wc5XJthVI0
1353802162179076097,2021-01-25 20:29:22,"Ich gratuliere dem grossartigen Regisseur Markus Imhoof und danke ihm noch einmal f√ºr die starken Bilder, die bei d‚Ä¶ https://t.co/B5d1eb1opo"
1353250913843085312,2021-01-24 07:58:54,"Ich danke allen Lehrkr√§ften - und Eltern -, die auch in diesen schwierigen Zeiten ihr Bestes geben, um jungen Mensc‚Ä¶ https://t.co/CGUQ88SkEI"
1352203378143735808,2021-01-21 10:36:22,Great news for the climate: the U.S. is back into the #ParisAgreement! @JoeBiden #ParisclimateAgreement https://t.co/17YvsSjj9d
1351873174133157894,2021-01-20 12:44:15,"PostFinance soll die gleichen Freiheiten erhalten, wie alle anderen Banken in unserem Land. Ausserdem muss die Grun‚Ä¶ https://t.co/KK4dZMMZ1l"
1351530385872707585,2021-01-19 14:02:08,Noch etwas ungewohnt: das Telefonat mit der Chefin des UNO-Klimasekretariats @PEspinosaC habe ich von zu Hause aus‚Ä¶ https://t.co/St4HxOO64N
1349733603660365825,2021-01-14 15:02:22,"¬´Nous ferons de 2021 l‚Äôann√©e des opportunit√©s, en misant sur les √©nergies renouvelables, en assurant des contrats p‚Ä¶ https://t.co/UGUnzJUHE4"
1349724439194304512,2021-01-14 14:25:57,"Wir machen 2021 zum Jahr der Chancen. Wie setzen auf erneuerbare Energie, sichern Auftr√§ge f√ºr die KMU und schaffen‚Ä¶ https://t.co/ApJNkLzOAD"
1349364831783186432,2021-01-13 14:37:00,RT @BR_Sprecher: #BREntscheid #CoronaInfoCH Der Bundesrat beschliesst weitere Massnahmen gegen das Coronavirus; sie gelten ab dem 18. Janua‚Ä¶
1346722080834859010,2021-01-06 07:35:39,"Care donne: quali sono le vostre 3 regine? 
#FestaDelleTreRegine
Dossier ¬´50 anni di suffragio femminile¬ª:‚Ä¶ https://t.co/DiJTdBa2du"
1346721830732754944,2021-01-06 07:34:39,"Mesdames : qui sont vos 3 reines ? 
#TroisReines
Dossier ¬´ 50e anniversaire du suffrage f√©minin ¬ª :‚Ä¶ https://t.co/zbyJo6XBqi"
1346721666852917248,2021-01-06 07:34:00,"Liebe Frauen: Wer sind eure 3 K√∂niginnen? 
#Dreik√∂niginnentag
Dossier ¬´50 Jahre Frauenstimmrecht¬ª:‚Ä¶ https://t.co/fk6iagyU3H"
1344715532910678016,2020-12-31 18:42:21,Il passaggio di consegne per il nuovo anno di presidenza avviene per telefono. D‚Äôaltronde quest‚Äôanno siamo abituati‚Ä¶ https://t.co/Cn7meDlBxq
1344714828422778880,2020-12-31 18:39:33,Le passage de t√©moin se fait traditionnellement lors d‚Äôun entretien t√©l√©phonique. Et nous sommes devenus de v√©ritab‚Ä¶ https://t.co/XncJsGbTTX
1344713166329159682,2020-12-31 18:32:57,Die √úbergabe des Pr√§sidiums findet traditionell per Telefon statt. Im Telefonieren haben wir seit diesem Jahr beson‚Ä¶ https://t.co/69OMFGcT1G
1344670098783690757,2020-12-31 15:41:48,Silvester-Besuch im Altersheim. Die Pandemie trifft √§ltere Menschen besonders. Wir k√∂nnen sie unterst√ºtzen - mit ei‚Ä¶ https://t.co/05t4jYxeUr
1344587927297384448,2020-12-31 10:15:17,Letzter Tag meines Pr√§sidialjahres. Ich schaue auf unerwartete und inspirierende Begegnungen zur√ºck. Im Mittelpunkt‚Ä¶ https://t.co/yPH2B4BFZi
1343543189475618816,2020-12-28 13:03:52,RT @UVEK: Die Bew√§ltigung der Pandemie besch√§ftigte die Welt 2020. Sie pr√§gte auch das Jahr von Bundespr√§sidentin @s_sommaruga. R√ºckblick a‚Ä¶
1339941274888093698,2020-12-18 14:31:09,"Unser Land ist stark, wenn wir gemeinsam handeln. Es braucht jetzt die ganze Schweiz. #CoronaInfoCH https://t.co/82I5fwfYLa"
1338049957564198912,2020-12-13 09:15:44,"Jetzt geht der #Ceneri richtig in Betrieb, unser Jahrhundertwerk NEAT ist vollendet. Ich danke der Bev√∂lkerung herz‚Ä¶ https://t.co/GMd81aLMr5"
1337385540660899840,2020-12-11 13:15:34,"F√ºr die Bev√∂lkerung ist in der aktuellen Situation nicht entscheidend, wer etwas anordnet. Entscheidend ist, dass d‚Ä¶ https://t.co/0Kgs2fZMKu"
1337049539610628098,2020-12-10 15:00:26,"Ich freue mich, dass die Schweiz f√ºr zwei Jahre das Pr√§sidium der #Alpenkonvention √ºbernimmt. F√ºr unsere Gletscher,‚Ä¶ https://t.co/a9NlWI3LlT"
1336706006525620224,2020-12-09 16:15:21,"Lieber @ParmelinG
52 Corona-Helden (des Alltags) haben einen Apfelbaum von mir erhalten. Der 53. Baum geht zu dir n‚Ä¶ https://t.co/2KaU24z2JP"
1336369492058890241,2020-12-08 17:58:10,Mit diesem Paket wollen wir Klarheit und Planungssicherheit schaffen. Und wir wollen Sicherheit geben in diesen uns‚Ä¶ https://t.co/J1dSXiIniO
1334439189673365504,2020-12-03 10:07:50,"In der Klavierstunde ging es in erster Linie um die Musik, und nicht um die Behinderung. Der Mensch steht im Zentru‚Ä¶ https://t.co/blvbxIruUY"
1333816748160782340,2020-12-01 16:54:28,Ich habe heute Ueli Maurer zu seinem 70. Geburtstag gratuliert. Wie es sich f√ºr einen erfahrenen und passionierten‚Ä¶ https://t.co/4i3Mo6LhyW
1333104022874681345,2020-11-29 17:42:21,Ho parlato con il Presidente del Consiglio @GiuseppeConteIT del COVID-19 e della stagione sciistica. Continueremo i‚Ä¶ https://t.co/PMWM2wl9rF
1332286254201843712,2020-11-27 11:32:50,J‚Äôai eu un √©change t√©l√©phonique avec le Premier ministre fran√ßais @JeanCASTEX concernant la probl√©matique du touris‚Ä¶ https://t.co/UsvBw1DgAR
1331945159647506432,2020-11-26 12:57:27,Today I spoke with Belgian Prime Minister @alexanderdecroo about overcoming the #COVID19 crisis and the prospects f‚Ä¶ https://t.co/pnJWynGShM
1331208912859783171,2020-11-24 12:11:52,Switzerland and Finland have long enjoyed close and friendly ties and we often share similar positions on the world‚Ä¶ https://t.co/OKU3gwCNmf
1330568366554292227,2020-11-22 17:46:34,I am very glad that the #G20 was able to agree on a joint summit declaration and send a positive sign for multilate‚Ä¶ https://t.co/PC6YqkBe8G
1330180504847577090,2020-11-21 16:05:20,Switzerland made it to the summit. #Switzerland @G20 as constructive partner and first time guest at G20-Summit.‚Ä¶ https://t.co/21Gv5RheLN
1328778682144612353,2020-11-17 19:14:59,Switzerland pledges to support the launch of a pilot policy network within #IGF to develop shared approaches to use‚Ä¶ https://t.co/Va1uBJhyT1
1328778589236572166,2020-11-17 19:14:37,"La Toile doit √™tre libre, s√ªre et d√©mocratique. La Suisse veut renforcer le Forum sur la gouvernance d‚ÄôInternet‚Ä¶ https://t.co/6TQW3QFhX0"
1328734524478459904,2020-11-17 16:19:31,D‚Äôaccord avec le Portugal: la confiance des populations envers les autorit√©s politiques est primordiale pour releve‚Ä¶ https://t.co/ulqnWm1VC4
1328379189918126088,2020-11-16 16:47:33,"J‚Äôai re√ßu @JY_LeDrian, ministre fran√ßais de l‚ÄôEurope et des affaires √©trang√®res. Une occasion int√©ressante de parle‚Ä¶ https://t.co/d0Kyuvu3yo"
1328326450047574022,2020-11-16 13:17:59,"√úberall f√ºr alle: So hilft die @spitexch, wie sie mir in Luzern eindr√ºcklich schildert. 
√úberall f√ºr alle: Das lebe‚Ä¶ https://t.co/QwO6K1VHHU"
1326566323707637765,2020-11-11 16:43:52,"RT @AmbassadeSuisse: ""La Suisse est convaincue que seul un #multilat√©ralisme renouvel√©, encadr√© par le droit international, est √† m√™me de r‚Ä¶"
1325137629893914626,2020-11-07 18:06:45,Congratulazioni a Joe Biden e Kamala Harris! √à un segnale importante. La Svizzera √® convinta che con la nuova Ammin‚Ä¶ https://t.co/IhXAhOU3o8
1325137561958887426,2020-11-07 18:06:29,F√©licitations √† Joe Biden et Kamala Harris ! C'est un signal fort. La Suisse est convaincue que cette nouvelle admi‚Ä¶ https://t.co/LmnS9o4Z2F
1325137453334851584,2020-11-07 18:06:03,"Herzliche Gratulation an Joe Biden und Kamala Harris! Das ist ein starkes Signal. Die Schweiz ist √ºberzeugt, dass w‚Ä¶ https://t.co/j9W8cRZICo"
1325137277341691905,2020-11-07 18:05:21,Congratulations to @JoeBiden and @KamalaHarris! This is a strong signal. #Switzerland is convinced that our excelle‚Ä¶ https://t.co/9ejfIZngAf
1325124735517093890,2020-11-07 17:15:31,"Liebe Jugendliche, ich kann euch gar nicht genug danken! Die Einschr√§nkungen, welche ihr derzeit erdulden m√ºsst, tr‚Ä¶ https://t.co/F3IJDxVDrr"
1323588052988645377,2020-11-03 11:29:17,RT @BR_Sprecher: La pr√©sidente de la Conf√©d√©ration @s_sommaruga au sujet des attentats en Autriche et en France. (BK) https://t.co/1Mkvyj3G‚Ä¶
1323586865304358912,2020-11-03 11:24:34,RT @BR_Sprecher: Bundespr√§sidentin @s_sommaruga zu den Anschl√§gen in √ñsterreich und Frankreich. (BK) https://t.co/dhNQKSoH2L
1323271313935474689,2020-11-02 14:30:41,"Pour briser la spirale de violence contre les journalistes, il faut que justice soit faite lors de chacune des atta‚Ä¶ https://t.co/BngLXBVxUj"
1322906638010011649,2020-11-01 14:21:35,"Dieses Jahr hat gezeigt, wie wichtig die #Digitalisierung ist. #Homeoffice, #Videokonferenzen oder #Fernunterricht‚Ä¶ https://t.co/D7MvRKNNLv"
1322207061963427840,2020-10-30 16:01:43,"Las infecziuns cun il coronavirus s‚Äôaugmentan, fitg ferm e fitg svelt. Nus stuain agir. Nus faschain quai uss cumin‚Ä¶ https://t.co/8YmzvlqmiP"
1322206480632815616,2020-10-30 15:59:25,Le infezioni da coronavirus aumentano in maniera esponenziale e molto velocemente. Dobbiamo agire. E dobbiamo farlo‚Ä¶ https://t.co/dvguqjOcLa
1322206076188659717,2020-10-30 15:57:48,Le nombre d‚Äôinfections au coronavirus augmente tr√®s fortement et rapidement. Nous devons agir. Unissons donc nos ef‚Ä¶ https://t.co/Ez0VPCNvMF
1322200018011512834,2020-10-30 15:33:44,"Die Ansteckungen mit dem Corona-Virus steigen, sehr stark und sehr schnell. Wir m√ºssen handeln. Wir machen das jetz‚Ä¶ https://t.co/PBt0aA5Iah"
1322198488801775616,2020-10-30 15:27:39,RT @HumanSecurityCH: A peace process is more than official talks! Great exchange with women peacebuilders and Namibia üá≥üá¶ Canada üá®üá¶ Uruguay‚Ä¶
1322119564793184256,2020-10-30 10:14:02,More peace means less suffering. More peace means fewer refugees and internally displaced persons. The capacity for‚Ä¶ https://t.co/ubaoD2iYQ2
1321475239335907328,2020-10-28 15:33:43,"Die Ungewissheit, wie es nun weitergeht, belastet uns. Sicher ist aber eines: Je rascher wir #Covid19 unter Kontrol‚Ä¶ https://t.co/PqJg2TVN4O"
1320812810553729027,2020-10-26 19:41:28,Today I spoke with Romanian President @KlausIohannis about how countries on our continent can best address the next‚Ä¶ https://t.co/4h4iWWYHY7
1320743531837837315,2020-10-26 15:06:10,"La Suisse a perdu un grand homme d‚Äô√âtat.
https://t.co/tIxoZMKzGO https://t.co/Fso398LPHu"
1320003678242283520,2020-10-24 14:06:16,"Mit @paschnegg konnte ich mir im Inselspital ein Bild der Lage machen. Hier sieht man, wieso wir die Fallzahlen gem‚Ä¶ https://t.co/I7rRd255EF"
1318938538268938241,2020-10-21 15:33:46,#Pledgetopause: Take care before you share. https://t.co/w8kdc1coci @UN https://t.co/BWk2kzpomh
1318571960260042758,2020-10-20 15:17:07,"Eine Weltpremiere: Dieses Abkommen dient der Schweiz, es dient Peru ‚Äì und vor allem ist es gut f√ºr das Klima.‚Ä¶ https://t.co/TPrVeUa7UN"
1317803535912833028,2020-10-18 12:23:41,"Es ist gerade mit Blick auf den Winter wichtig, dass wir die Ausbreitung des Virus jetzt bremsen. Das ist im Intere‚Ä¶ https://t.co/nREq6G8w2X"
1317445619632525314,2020-10-17 12:41:27,"Heute virtueller Parteitag. Vielen Dank, @ChristianLevrat und Gl√ºckw√ºnsch zur Wahl @meyer_mattea und @cedricwermuth‚Ä¶ https://t.co/xKiLFvrFRq"
1316682875648061440,2020-10-15 10:10:34,Die Lage ist ernst. Es braucht nochmals einen Ruck ‚Äì wir m√ºssen uns jetzt so richtig ins Zeug legen. Die Ansteckung‚Ä¶ https://t.co/li0EUzNc86
1316425587813216258,2020-10-14 17:08:12,Fruct√≠fera conversaci√≥n telef√≥nica hoy con el Per√∫: el Presidente @MartinVizcarraC y yo estamos orgullosos del acue‚Ä¶ https://t.co/Nvd3yBRtA5
1316024328031399938,2020-10-13 14:33:45,I am deeply concerned by the news from #Belarus that lethal weapons could be used to suppress peaceful demonstratio‚Ä¶ https://t.co/TKmVrPRvef
1313540378541334528,2020-10-06 18:03:25,Jugendliche haben mir im Rahmen einer Kampagne von @engage_ch Fragen gestellt. Vielen Dank! Sie zeigen eindr√ºcklich‚Ä¶ https://t.co/6xX0cECEj3
1311677645457969156,2020-10-01 14:41:35,"Lors du d√©bat g√©n√©ral de l‚ÄôONU, seuls une dizaine d‚ÄôEtats √©taient repr√©sent√©s par de femmes. Le 25√®me anniversaire‚Ä¶ https://t.co/YHQSbpglA5"
1311341059289554945,2020-09-30 16:24:06,Beim #Klimaschutz haben wir mit dem √úbereinkommen von Paris ein ambitioniertes Abkommen ‚Äì dasselbe braucht es auch‚Ä¶ https://t.co/LrItWiVnNu
1310966460748005385,2020-09-29 15:35:35,Discussioni costruttive e amichevoli con il premier @GiuseppeConteIT a Roma. Auspichiamo entrambi la firma dell‚Äôacc‚Ä¶ https://t.co/Mb0AfMVMHH
1310953999932239873,2020-09-29 14:46:04,Discussione fruttuosa con il presidente italiano Sergio Mattarella @Quirinale. La Svizzera e l‚ÄôItalia puntano su un‚Ä¶ https://t.co/sHYAmgXXOt
1310897227318079489,2020-09-29 11:00:28,Incontro con il primo ministro @GiuseppeConteIT a #Roma. Siamo d‚Äôaccordo: la situazione straordinaria ha mostrato l‚Ä¶ https://t.co/V3WgcBSxU2
1310580501590216710,2020-09-28 14:01:55,Appena arrivata a #Roma in treno! Domani discuter√≤ insieme al presidente #Mattarella e al primo ministro‚Ä¶ https://t.co/FsPC8c8sBD
1309133044360663043,2020-09-24 14:10:14,"The high mountain countries of üá®üá≠ and üá≥üáµ have a long-standing tradition of close cooperation, and Nepal has made mu‚Ä¶ https://t.co/wN0VZUXcce"
1309114935046217729,2020-09-24 12:58:17,J‚Äôai pu jeter un oeil en coulisses du centre de tra√ßage du @cantondeberne. Bin beeindruckt von der Arbeit der Conta‚Ä¶ https://t.co/wlNiVUdCFa
1308891401963405312,2020-09-23 22:10:02,"Il est des moments qui marquent de leur empreinte des g√©n√©rations enti√®res. Dans de tels moments, des actions d√©cid‚Ä¶ https://t.co/jUC4N94YuQ"
1308808031522762752,2020-09-23 16:38:45,"Let me be very clear: international law, including human rights law, applies to digital space in the same way as it‚Ä¶ https://t.co/R8v7jcVOMT"
1308741917958643713,2020-09-23 12:16:03,Vor allem die Jugend erwartet von der Politik Antworten auf die #Klimakrise. Zu Recht! Das #CO2Gesetz l√∂st diesen A‚Ä¶ https://t.co/yxmbl74Okk
1308426257076551682,2020-09-22 15:21:43,Zu den neuen grossen Aufgaben der #UNO geh√∂rt der #Klimaschutz und der #Artenschutz. Gerade jetzt braucht es den Di‚Ä¶ https://t.co/fNsVVp57Ps
1306971541733863430,2020-09-18 15:01:12,Ich habe mit Bundeskanzler @sebastiankurz √ºber die Corona-Pandemie und den #Klimaschutz gesprochen. Als Alpenl√§nder‚Ä¶ https://t.co/V2Q7KCo1bo
1306268546830348291,2020-09-16 16:27:45,üá®üá≠ et üáπüá≥ sont li√©es par un partenariat fort. J‚Äôai parl√© avec le Pr√©sident Ka√Øs Sa√Øed @TnPresidency de la poursuite‚Ä¶ https://t.co/RVTL3kTjvR
1305894225289117696,2020-09-15 15:40:20,Jeden Monat steigen mehr Menschen in der Schweiz auf Elektrofahrzeuge um. Der Bund unterst√ºtzt diese Entwicklung mi‚Ä¶ https://t.co/g6rhoNjuij
1305429857233444864,2020-09-14 08:55:06,"#Singapore and #Switzerland continue to maintain lively political, business and scientific exchanges despite‚Ä¶ https://t.co/7alNqEjzID"
1304715135701876737,2020-09-12 09:35:03,Die bilateralen Vertr√§ge sorgen f√ºr die n√∂tige Harmonie im Zusammenspiel. Das ist im Interesse von uns allen. Desha‚Ä¶ https://t.co/9tgd3Xozmo
1304439643975409666,2020-09-11 15:20:21,Nach der Lohngleichheits-Vorlage kommen jetzt auch die Zielwerte f√ºr die Chefetagen. Zum Gl√ºck sind wir drangeblieb‚Ä¶ https://t.co/jgxdehl08W
1303971537301766144,2020-09-10 08:20:15,Genau wie unsere Unternehmen brauchen auch wir heute mehr denn je Stabilit√§t. Gemeinsam Nein zur‚Ä¶ https://t.co/etiuuZaRNK
1303347996554416134,2020-09-08 15:02:32,Um die Erfolgsgeschichte der Bilateralen weiterzuschreiben: Gemeinsam Nein zur #Begrenzungsinitiative am 27. Septem‚Ä¶ https://t.co/nH9x1NIvFg
1301822403149017088,2020-09-04 10:00:22,Alptransit √® la nostra opera del secolo. Ci rende fieri e rende forte il nostro Paese. Ringrazio di cuore tutti col‚Ä¶ https://t.co/wJBor39XKT
1301527428758671360,2020-09-03 14:28:14,La galleria del Ceneri fa progredire la Svizzera ‚Äì e fa progredire la politica dei trasporti europea. #Ceneri2020‚Ä¶ https://t.co/uUXptw7oFo
1300742696131268608,2020-09-01 10:30:00,"Un engagement commun pour la soci√©t√© : @mbachelet, Haut-Commissaire aux droits de l‚Äôhomme et @UN_Valovaya, directri‚Ä¶ https://t.co/w79Po9CeTe"
1300721606206128128,2020-09-01 09:06:11,Freedom of the press is an important issue. Today I will be co-hosting an event at the UN in Geneva with @mbachelet‚Ä¶ https://t.co/Wui4IND4vB
1300498829922447367,2020-08-31 18:20:57,"Wir haben unsere Schweiz diesen Sommer als Ferienland wiederentdeckt. Jetzt braucht der #Tourismus Perspektiven, da‚Ä¶ https://t.co/pLDb3SxkMQ"
